{"cameraMode":{"drawMode":0,"name":"Shaded","section":"Shading Mode"},"sceneLighting":false,"audioPlay":false,"sceneViewState":{"showFog":true,"showMaterialUpdate":false,"showSkybox":false,"showFlares":true,"showImageEffects":true,"showParticleSystems":true},"in2DMode":false,"pivot":{"x":0.0,"y":0.9900000095367432,"z":6.940000057220459},"rotation":{"x":0.21874669194221497,"y":-0.4424399733543396,"z":0.11221841722726822,"w":0.8624415397644043},"size":1.7320507764816285,"orthographic":false}